url,h1_tag,title,meta_description,len_img_tag
https://discoverwebtech.com/get-in-touch/,Let’s Build Your Dream With The Most Creative Web Design Company,Contact | Creative Web Design Company And SEO Service Provider,Contact a creative web design company and the best SEO service provider now. Discover WebTech helps businesses achieve the desirable online success.,7
https://discoverwebtech.com/home-2/,,Home New - Get Discovered Online,,25
https://discoverwebtech.com/services/,Build your next dream project,Best Digital Marketing Services | Professional Web Design Company,DWT provides the best digital marketing services. We are a professional web design company that helps you build your brand proudly.,29
https://discoverwebtech.com/portfolio-internet-marketing-service/professional-website-design-services/,,Professional Website Design Services And Development,"Check out our professional website design services and development works. We are Shopify, Wordpress, BigCommerce and PHP pros.",14
https://discoverwebtech.com/social-media-marketing/,Discover WebTech,Social Media Marketing (landing-3) - Get Discovered Online,,16
https://discoverwebtech.com/search-engine-optimization-services/,Discover WebTech,Effective Search Engine Optimization Services,Looking for effective search engine optimization services? Discover WebTech is one of the top 10 SEO companies. Visit us now.,16
https://discoverwebtech.com/portfolio-internet-marketing-service/digital-marketing-services/,,Portfolio | Digital Marketing Services | One Of The Top 10 SEO Firms,Check out the digital marketing services portfolio from one of the top 10 SEO firms. We’ve worked with many industries & delivered the best results.,26
https://discoverwebtech.com/seo-audit/,"seo audit service,Handmade, not automated,360° Website SEO Audit Services",seo-audit - Get Discovered Online,,21
https://discoverwebtech.com/thank-you-seo-company/,Thank ,Thank You | Digital Marketing Services | SEO Company,Thank you for visiting the best SEO Company. Grow your company’s marketing potential with our complete digital marketing services.,6
https://discoverwebtech.com/free-digital-marketing-services/,Experience the exponential growth,Free Digital Marketing Services (Leading-2) - Get Discovered Online,,12
https://discoverwebtech.com/about-digital-marketing-agency/,Leading Internet Marketing Service Provider,Internet Marketing Service Provider | Discover WebTech,"Discover WebTech is a leading internet marketing service provider that focuses on quality & speed. We are experts in SEO, SMM, PPC and Web design.",18
https://discoverwebtech.com/portfolio-internet-marketing-service/,,Portfolio | Internet Marketing Service | Web Design Company,"Check out the portfolio of the internet marketing service and web design company, Discover WebTech. Let's skyrocket your business too with SEO services.",2
https://discoverwebtech.com/website-designing-development/,"Discover WebTech,Lorem Ipsum is simply dummy text of the printing?",website-designing-development - Get Discovered Online,,8
https://discoverwebtech.com/get-a-quote/,,Get a Quote - Get Discovered Online,,6
https://discoverwebtech.com/,One among the top blockchain development and application development companies.,"Blockchain Developers, Web3, DAPP | SEO, Shopify, Wordpress Agency","Our blockchain developers will help you with your next web3, smart contract and other similar projects. Get in touch for SEO and Wordpress websites too.",25
